{
    "accuracy": 0.9415041782729805,
    "precision": 0.8198198198198198,
    "recall": 0.7368421052631579
}
